#,NOMBRE,SEGUIDORES,TP,PA√çS,TEMA DE INFLUENCIA,ALCANCE POTENCIAL,GUARDAR,INVITAR A LA CAMPA√ëA
1,NoCopyrightSounds @UC_aEa8K-EOJ3D6gOs7HcyNg,32.9M,-,Reino Unido,M√∫sica,9.9M,,Ver Perfil
2,DanTDM @UCS5Oz6CHmeoF7vSad0qqXfw,26.3M,-,Reino Unido,,7.9M,,Ver Perfil
3,KSI @UCVtFOytbRpEvzLjvqGG5gxQ,24M,-,Reino Unido,,7.2M,,Ver Perfil
4,Mister Max @UC_8PAD0Qmi6_gpe77S1Atgg,23M,0.10%,Reino Unido,,6.9M,,Ver Perfil
5,Jelly @UC0DZmkupLYwc0yDsfocLh0A,22.9M,-,Reino Unido,,6.9M,,Ver Perfil
6,Miss Katy @UCcartHVtvAUzfajflyeT_Gg,22.6M,-,Reino Unido,,6.8M,,Ver Perfil
7,Dua Lipa @UC-J-KZfRV8c13fOCkhXdLiQ,21.1M,-,Reino Unido,,6.3M,,Ver Perfil
8,Dan Rhodes @UC6D1L2vxEAg_Vi0JSxMBDgA,17.7M,0.30%,Reino Unido,,5.3M,,Ver Perfil
9,Ali-A @UCYVinkwSX7szARULgYpvhLw,17.7M,-,Reino Unido,,5.3M,,Ver Perfil
10,Gaby and Alex @UCHwBjRoGO1V-H8QYXjSVHkQ,17M,-,Reino Unido,,5.1M,,Ver Perfil
11,Sidemen @sidemen,17M,2.80%,Reino Unido,,5.1M,,Ver Perfil
12,Queen Official @UCiMhD4jzUqG-IgPzUmmytRQ,16.3M,-,Reino Unido,,4.9M,,Ver Perfil
13,Little Mix @UCIvqWqjC4aLvp7zI8hzARrA,16.1M,-,Reino Unido,,4.8M,,Ver Perfil
14,JJ Olatunji @UCGmnsW623G1r-Chmo5RB4Yw,15.9M,-,Reino Unido,,4.8M,,Ver Perfil
15,F2Freestylers - Ultimate Soccer Skills Channel @UCKvn9VBLAiLiYL4FFJHri6g,14M,0.20%,Reino Unido,Celebridad,4.2M,,Ver Perfil
16,BBC News @UC16niRr50-MSBwiO3YDb3RA,13.3M,-,Reino Unido,,4M,,Ver Perfil
17,BBC @UCCj956IF62FbT7Gouszaj9w,12.9M,-,Reino Unido,,3.9M,,Ver Perfil
18,Awakening Music @UCBq5hp6DvwWam2XOXw6lYJA,12.4M,-,‡§∏‡§Ç‡§Ø‡•Å‡§ï‡•ç‡§§ ‡§Ö‡§ß‡§ø‡§∞‡§æ‡§ú‡•ç‡§Ø,‡§∏‡§ô‡•ç‡§ó‡•Ä‡§§,3.7M,,‡§™‡•ç‡§∞‡•ã‡§´‡§º‡§æ‡§á‡§≤ ‡§¶‡•á‡§ñ‡•á‡§Ç
19,DisneyChannelUK @UCLeuoGy_hUDTBf5Hk0ynrpQ,12.3M,-,‡§∏‡§Ç‡§Ø‡•Å‡§ï‡•ç‡§§ ‡§Ö‡§ß‡§ø‡§∞‡§æ‡§ú‡•ç‡§Ø,,3.7M,,‡§™‡•ç‡§∞‡•ã‡§´‡§º‡§æ‡§á‡§≤ ‡§¶‡•á‡§ñ‡•á‡§Ç
20,colinfurze @UCp68_FLety0O-n9QU6phsgw,11.9M,0.60%,‡§∏‡§Ç‡§Ø‡•Å‡§ï‡•ç‡§§ ‡§Ö‡§ß‡§ø‡§∞‡§æ‡§ú‡•ç‡§Ø,,3.6M,,‡§™‡•ç‡§∞‡•ã‡§´‡§º‡§æ‡§á‡§≤ ‡§¶‡•á‡§ñ‡•á‡§Ç
21,Mrwhosetheboss @UCMiJRAwDNSNzuYeN2uWa0pA,11.8M,1.90%,‡§∏‡§Ç‡§Ø‡•Å‡§ï‡•ç‡§§ ‡§Ö‡§ß‡§ø‡§∞‡§æ‡§ú‡•ç‡§Ø,,3.5M,,‡§™‡•ç‡§∞‡•ã‡§´‡§º‡§æ‡§á‡§≤ ‡§¶‡•á‡§ñ‡•á‡§Ç
22,TommyInnit @UC5p_l5ZeB_wGjO_yDXwiqvw,11.7M,-,‡§∏‡§Ç‡§Ø‡•Å‡§ï‡•ç‡§§ ‡§Ö‡§ß‡§ø‡§∞‡§æ‡§ú‡•ç‡§Ø,,3.5M,,‡§™‡•ç‡§∞‡•ã‡§´‡§º‡§æ‡§á‡§≤ ‡§¶‡•á‡§ñ‡•á‡§Ç
23,Morgz @UCBwSufNse8VMBvQM_rCSvgQ,11.6M,0.10%,‡§∏‡§Ç‡§Ø‡•Å‡§ï‡•ç‡§§ ‡§Ö‡§ß‡§ø‡§∞‡§æ‡§ú‡•ç‡§Ø,,3.5M,,‡§™‡•ç‡§∞‡•ã‡§´‡§º‡§æ‡§á‡§≤ ‡§¶‡•á‡§ñ‡•á‡§Ç
24,Tiana @UC6sSkkemzPjmrzS0Y0V_2zw,11.4M,-,‡§∏‡§Ç‡§Ø‡•Å‡§ï‡•ç‡§§ ‡§Ö‡§ß‡§ø‡§∞‡§æ‡§ú‡•ç‡§Ø,,3.4M,,‡§™‡•ç‡§∞‡•ã‡§´‡§º‡§æ‡§á‡§≤ ‡§¶‡•á‡§ñ‡•á‡§Ç
25,DisneyJuniorUK @UC7Gf2tZ8coTX2ckTPgn62iQ,11.2M,-,‡§∏‡§Ç‡§Ø‡•Å‡§ï‡•ç‡§§ ‡§Ö‡§ß‡§ø‡§∞‡§æ‡§ú‡•ç‡§Ø,,3.4M,,‡§™‡•ç‡§∞‡•ã‡§´‡§º‡§æ‡§á‡§≤ ‡§¶‡•á‡§ñ‡•á‡§Ç
26,Emily Tube @UC-0D1RlSzcvBoODCKSoLl2g,11M,-,‡§∏‡§Ç‡§Ø‡•Å‡§ï‡•ç‡§§ ‡§Ö‡§ß‡§ø‡§∞‡§æ‡§ú‡•ç‡§Ø,,3.3M,,‡§™‡•ç‡§∞‡•ã‡§´‡§º‡§æ‡§á‡§≤ ‡§¶‡•á‡§ñ‡•á‡§Ç
27,Slogo @UCHdMK5Ef2El8KbD3L_WgANg,10.9M,-,‡§∏‡§Ç‡§Ø‡•Å‡§ï‡•ç‡§§ ‡§Ö‡§ß‡§ø‡§∞‡§æ‡§ú‡•ç‡§Ø,,3.3M,,‡§™‡•ç‡§∞‡•ã‡§´‡§º‡§æ‡§á‡§≤ ‡§¶‡•á‡§ñ‡•á‡§Ç
28,Jessie J @UC4pEp0mo54WhEBCTYvjVDJA,10.4M,-,‡§∏‡§Ç‡§Ø‡•Å‡§ï‡•ç‡§§ ‡§Ö‡§ß‡§ø‡§∞‡§æ‡§ú‡•ç‡§Ø,,3.1M,,‡§™‡•ç‡§∞‡•ã‡§´‡§º‡§æ‡§á‡§≤ ‡§¶‡•á‡§ñ‡•á‡§Ç
29,Sing King @UCwTRjvjVge51X-ILJ4i22ew,10.2M,-,‡§∏‡§Ç‡§Ø‡•Å‡§ï‡•ç‡§§ ‡§Ö‡§ß‡§ø‡§∞‡§æ‡§ú‡•ç‡§Ø,,3.1M,,‡§™‡•ç‡§∞‡•ã‡§´‡§º‡§æ‡§á‡§≤ ‡§¶‡•á‡§ñ‡•á‡§Ç
30,BBC News ÿπÿ±ÿ®Ÿä @UCelk6aHijZq-GJBBB9YpReA,10.1M,-,‡§∏‡§Ç‡§Ø‡•Å‡§ï‡•ç‡§§ ‡§Ö‡§ß‡§ø‡§∞‡§æ‡§ú‡•ç‡§Ø,,3M,,‡§™‡•ç‡§∞‡•ã‡§´‡§º‡§æ‡§á‡§≤ ‡§¶‡•á‡§ñ‡•á‡§Ç
31,Classic Mr Bean @UCEwIUtFBhaI2L2PuKv0KL2g,9.9M,-,‡§∏‡§Ç‡§Ø‡•Å‡§ï‡•ç‡§§ ‡§Ö‡§ß‡§ø‡§∞‡§æ‡§ú‡•ç‡§Ø,,3M,,‡§™‡•ç‡§∞‡•ã‡§´‡§º‡§æ‡§á‡§≤ ‡§¶‡•á‡§ñ‡•á‡§Ç
32,Syndicate @UC1ieoHqKW-yYgDhLHIcx28w,9.7M,-,‡§∏‡§Ç‡§Ø‡•Å‡§ï‡•ç‡§§ ‡§Ö‡§ß‡§ø‡§∞‡§æ‡§ú‡•ç‡§Ø,,2.9M,,‡§™‡•ç‡§∞‡•ã‡§´‡§º‡§æ‡§á‡§≤ ‡§¶‡•á‡§ñ‡•á‡§Ç
33,Gorillaz @UCfIXdjDQH9Fau7y99_Orpjw,9.4M,0.10%,‡§∏‡§Ç‡§Ø‡•Å‡§ï‡•ç‡§§ ‡§Ö‡§ß‡§ø‡§∞‡§æ‡§ú‡•ç‡§Ø,,2.8M,,‡§™‡•ç‡§∞‡•ã‡§´‡§º‡§æ‡§á‡§≤ ‡§¶‡•á‡§ñ‡•á‡§Ç
34,Woody & Kleiny @UCoGForHQAmk0_9rI9CABeYw,9.4M,1.10%,‡§∏‡§Ç‡§Ø‡•Å‡§ï‡•ç‡§§ ‡§Ö‡§ß‡§ø‡§∞‡§æ‡§ú‡•ç‡§Ø,,2.8M,,‡§™‡•ç‡§∞‡•ã‡§´‡§º‡§æ‡§á‡§≤ ‡§¶‡•á‡§ñ‡•á‡§Ç
35,Jungle Beat @UChUHOEe7zgYmrv7a_LlpNng,9.3M,-,‡§∏‡§Ç‡§Ø‡•Å‡§ï‡•ç‡§§ ‡§Ö‡§ß‡§ø‡§∞‡§æ‡§ú‡•ç‡§Ø,‡§Ø‡§æ‡§§‡•ç‡§∞‡§æ,2.8M,,‡§™‡•ç‡§∞‡•ã‡§´‡§º‡§æ‡§á‡§≤ ‡§¶‡•á‡§ñ‡•á‡§Ç
36,Julius Dein @juliusdein,9.2M,-,‡§∏‡§Ç‡§Ø‡•Å‡§ï‡•ç‡§§ ‡§Ö‡§ß‡§ø‡§∞‡§æ‡§ú‡•ç‡§Ø,,2.8M,,‡§™‡•ç‡§∞‡•ã‡§´‡§º‡§æ‡§á‡§≤ ‡§¶‡•á‡§ñ‡•á‡§Ç
37,The X Factor UK @UCEY1ejsweY4DgMwOVJeEaBA,9.1M,0.10%,‡§∏‡§Ç‡§Ø‡•Å‡§ï‡•ç‡§§ ‡§Ö‡§ß‡§ø‡§∞‡§æ‡§ú‡•ç‡§Ø,,2.7M,,‡§™‡•ç‡§∞‡•ã‡§´‡§º‡§æ‡§á‡§≤ ‡§¶‡•á‡§ñ‡•á‡§Ç
38,English with Lucy @UCz4tgANd4yy8Oe0iXCdSWfA,9M,-,‡§∏‡§Ç‡§Ø‡•Å‡§ï‡•ç‡§§ ‡§Ö‡§ß‡§ø‡§∞‡§æ‡§ú‡•ç‡§Ø,,2.7M,,‡§™‡•ç‡§∞‡•ã‡§´‡§º‡§æ‡§á‡§≤ ‡§¶‡•á‡§ñ‡•á‡§Ç
39,Shaun the Sheep @UCS7H8U-n5mINVJjJsaRtGHg,8.9M,-,‡§∏‡§Ç‡§Ø‡•Å‡§ï‡•ç‡§§ ‡§Ö‡§ß‡§ø‡§∞‡§æ‡§ú‡•ç‡§Ø,,2.7M,,‡§™‡•ç‡§∞‡•ã‡§´‡§º‡§æ‡§á‡§≤ ‡§¶‡•á‡§ñ‡•á‡§Ç
40,Cartoons for Kids @UC977n5nXRn8MDuGQjwxkOLw,8.7M,-,‡§∏‡§Ç‡§Ø‡•Å‡§ï‡•ç‡§§ ‡§Ö‡§ß‡§ø‡§∞‡§æ‡§ú‡•ç‡§Ø,,2.6M,,‡§™‡•ç‡§∞‡•ã‡§´‡§º‡§æ‡§á‡§≤ ‡§¶‡•á‡§ñ‡•á‡§Ç
41,Mumbo Jumbo @UChFur_NwVSbUozOcF_F2kMg,8.5M,1.70%,‡§∏‡§Ç‡§Ø‡•Å‡§ï‡•ç‡§§ ‡§Ö‡§ß‡§ø‡§∞‡§æ‡§ú‡•ç‡§Ø,‡§≠‡§ø‡§°‡§ø‡§Ø‡•ã ‡§ó‡•á‡§Æ‡§ø‡§ô,2.6M,,‡§™‡•ç‡§∞‡•ã‡§´‡§º‡§æ‡§á‡§≤ ‡§¶‡•á‡§ñ‡•á‡§Ç
42,Top Gear @UCjOl2AUblVmg2rA_cRgZkFg,8.4M,-,‡§∏‡§Ç‡§Ø‡•Å‡§ï‡•ç‡§§ ‡§Ö‡§ß‡§ø‡§∞‡§æ‡§ú‡•ç‡§Ø,,2.5M,,‡§™‡•ç‡§∞‡•ã‡§´‡§º‡§æ‡§á‡§≤ ‡§¶‡•á‡§ñ‡•á‡§Ç
43,Moonbug Kids - Kids Learning Videos @UC1QqdFv5e9QSEi0eYdfwuqw,8.3M,-,‡§∏‡§Ç‡§Ø‡•Å‡§ï‡•ç‡§§ ‡§Ö‡§ß‡§ø‡§∞‡§æ‡§ú‡•ç‡§Ø,,2.5M,,‡§™‡•ç‡§∞‡•ã‡§´‡§º‡§æ‡§á‡§≤ ‡§¶‡•á‡§ñ‡•á‡§Ç
44,BBC Radio 1 @UC-FQUIVQ-bZiefzBiQAa8Fw,8.1M,-,‡§∏‡§Ç‡§Ø‡•Å‡§ï‡•ç‡§§ ‡§Ö‡§ß‡§ø‡§∞‡§æ‡§ú‡•ç‡§Ø,,2.4M,,‡§™‡•ç‡§∞‡•ã‡§´‡§º‡§æ‡§á‡§≤ ‡§¶‡•á‡§ñ‡•á‡§Ç
45,Liverpool FC @liverpoolfc,8M,-,‡§∏‡§Ç‡§Ø‡•Å‡§ï‡•ç‡§§ ‡§Ö‡§ß‡§ø‡§∞‡§æ‡§ú‡•ç‡§Ø,,2.4M,,‡§™‡•ç‡§∞‡•ã‡§´‡§º‡§æ‡§á‡§≤ ‡§¶‡•á‡§ñ‡•á‡§Ç
46,Grian @UCR9Gcq0CMm6YgTzsDxAxjOQ,7.8M,1.80%,‡§∏‡§Ç‡§Ø‡•Å‡§ï‡•ç‡§§ ‡§Ö‡§ß‡§ø‡§∞‡§æ‡§ú‡•ç‡§Ø,,2.3M,,‡§™‡•ç‡§∞‡•ã‡§´‡§º‡§æ‡§á‡§≤ ‡§¶‡•á‡§ñ‡•á‡§Ç
47,Daz Games @UCDBCCMlFD-hArPbWv38FINA,7.6M,0.30%,‡§∏‡§Ç‡§Ø‡•Å‡§ï‡•ç‡§§ ‡§Ö‡§ß‡§ø‡§∞‡§æ‡§ú‡•ç‡§Ø,,2.3M,,‡§™‡•ç‡§∞‡•ã‡§´‡§º‡§æ‡§á‡§≤ ‡§¶‡•á‡§ñ‡•á‡§Ç
48,Vikkstar123 @UCvwgF_0NOZe2vN4Q3g1bY-A,7.6M,-,‡§∏‡§Ç‡§Ø‡•Å‡§ï‡•ç‡§§ ‡§Ö‡§ß‡§ø‡§∞‡§æ‡§ú‡•ç‡§Ø,,2.3M,,‡§™‡•ç‡§∞‡•ã‡§´‡§º‡§æ‡§á‡§≤ ‡§¶‡•á‡§ñ‡•á‡§Ç
49,PlayToys @UCHFA6Nt11kE_8OWIya0SQDQ,7.6M,-,‡§∏‡§Ç‡§Ø‡•Å‡§ï‡•ç‡§§ ‡§Ö‡§ß‡§ø‡§∞‡§æ‡§ú‡•ç‡§Ø,,2.3M,,‡§™‡•ç‡§∞‡•ã‡§´‡§º‡§æ‡§á‡§≤ ‡§¶‡•á‡§ñ‡•á‡§Ç
50,carwow @UCUhFaUpnq31m6TNX2VKVSVA,7.5M,0.20%,‡§∏‡§Ç‡§Ø‡•Å‡§ï‡•ç‡§§ ‡§Ö‡§ß‡§ø‡§∞‡§æ‡§ú‡•ç‡§Ø,,2.2M,,‡§™‡•ç‡§∞‡•ã‡§´‡§º‡§æ‡§á‡§≤ ‡§¶‡•á‡§ñ‡•á‡§Ç
51,Jeremy Lynch @UC5Y1pPVNm-odhiubuRO1D6A,7.4M,-,‡§∏‡§Ç‡§Ø‡•Å‡§ï‡•ç‡§§ ‡§Ö‡§ß‡§ø‡§∞‡§æ‡§ú‡•ç‡§Ø,,2.2M,,‡§™‡•ç‡§∞‡•ã‡§´‡§º‡§æ‡§á‡§≤ ‡§¶‡•á‡§ñ‡•á‡§Ç
52,TomSka @UCOYWgypDktXdb-HfZnSMK6A,7.2M,2.20%,‡§∏‡§Ç‡§Ø‡•Å‡§ï‡•ç‡§§ ‡§Ö‡§ß‡§ø‡§∞‡§æ‡§ú‡•ç‡§Ø,,2.2M,,‡§™‡•ç‡§∞‡•ã‡§´‡§º‡§æ‡§á‡§≤ ‡§¶‡•á‡§ñ‡•á‡§Ç
53,YOGSCAST Lewis & Simon @UCH-_hzb2ILSCo9ftVSnrCIQ,7.1M,-,‡§∏‡§Ç‡§Ø‡•Å‡§ï‡•ç‡§§ ‡§Ö‡§ß‡§ø‡§∞‡§æ‡§ú‡•ç‡§Ø,‡§∏‡§Æ‡§æ‡§ö‡§æ‡§∞‡§π‡§∞‡•Ç,2.1M,,‡§™‡•ç‡§∞‡•ã‡§´‡§º‡§æ‡§á‡§≤ ‡§¶‡•á‡§ñ‡•á‡§Ç
54,LDShadowLady @UCzTlXb7ivVzuFlugVCv3Kvg,7M,-,‡§∏‡§Ç‡§Ø‡•Å‡§ï‡•ç‡§§ ‡§Ö‡§ß‡§ø‡§∞‡§æ‡§ú‡•ç‡§Ø,‡§≠‡§ø‡§°‡§ø‡§Ø‡•ã ‡§ó‡•á‡§Æ‡§ø‡§ô,2.1M,,‡§™‡•ç‡§∞‡•ã‡§´‡§º‡§æ‡§á‡§≤ ‡§¶‡•á‡§ñ‡•á‡§Ç
55,The Beatles @UCc4K7bAqpdBP8jh1j9XZAww,6.9M,0.10%,‡§∏‡§Ç‡§Ø‡•Å‡§ï‡•ç‡§§ ‡§Ö‡§ß‡§ø‡§∞‡§æ‡§ú‡•ç‡§Ø,,2.1M,,‡§™‡•ç‡§∞‡•ã‡§´‡§º‡§æ‡§á‡§≤ ‡§¶‡•á‡§ñ‡•á‡§Ç
56,Passenger @UCFHtCB_FWXQ8GpjgfYcD8-g,6.9M,-,‡§∏‡§Ç‡§Ø‡•Å‡§ï‡•ç‡§§ ‡§Ö‡§ß‡§ø‡§∞‡§æ‡§ú‡•ç‡§Ø,,2.1M,,‡§™‡•ç‡§∞‡•ã‡§´‡§º‡§æ‡§á‡§≤ ‡§¶‡•á‡§ñ‡•á‡§Ç
57,MessYourself @UCrSgaO6xOY8YV1EoCbD51HA,6.9M,-,‡§∏‡§Ç‡§Ø‡•Å‡§ï‡•ç‡§§ ‡§Ö‡§ß‡§ø‡§∞‡§æ‡§ú‡•ç‡§Ø,,2.1M,,‡§™‡•ç‡§∞‡•ã‡§´‡§º‡§æ‡§á‡§≤ ‡§¶‡•á‡§ñ‡•á‡§Ç
58,MoreSidemen @UCh5mLn90vUaB1PbRRx_AiaA,6.8M,0.60%,‡§∏‡§Ç‡§Ø‡•Å‡§ï‡•ç‡§§ ‡§Ö‡§ß‡§ø‡§∞‡§æ‡§ú‡•ç‡§Ø,,2M,,‡§™‡•ç‡§∞‡•ã‡§´‡§º‡§æ‡§á‡§≤ ‡§¶‡•á‡§ñ‡•á‡§Ç
59,Boomerang UK @UCmst562fALOY2cKb4IFgqEg,6.8M,-,‡§∏‡§Ç‡§Ø‡•Å‡§ï‡•ç‡§§ ‡§Ö‡§ß‡§ø‡§∞‡§æ‡§ú‡•ç‡§Ø,,2M,,‡§™‡•ç‡§∞‡•ã‡§´‡§º‡§æ‡§á‡§≤ ‡§¶‡•á‡§ñ‡•á‡§Ç
60,James Arthur @UCV5Gw7GGOMxe6SSF6llp_3Q,6.8M,-,‡§∏‡§Ç‡§Ø‡•Å‡§ï‡•ç‡§§ ‡§Ö‡§ß‡§ø‡§∞‡§æ‡§ú‡•ç‡§Ø,,2M,,‡§™‡•ç‡§∞‡•ã‡§´‡§º‡§æ‡§á‡§≤ ‡§¶‡•á‡§ñ‡•á‡§Ç
61,ARPO The Robot @UCrSx8rek9EuC3YGHvG8aalw,6.7M,-,‡§∏‡§Ç‡§Ø‡•Å‡§ï‡•ç‡§§ ‡§Ö‡§ß‡§ø‡§∞‡§æ‡§ú‡•ç‡§Ø,,2M,,‡§™‡•ç‡§∞‡•ã‡§´‡§º‡§æ‡§á‡§≤ ‡§¶‡•á‡§ñ‡•á‡§Ç
62,24 News HD @UCcmpeVbSSQlZRvHfdC-CRwg,6.7M,-,‡§∏‡§Ç‡§Ø‡•Å‡§ï‡•ç‡§§ ‡§Ö‡§ß‡§ø‡§∞‡§æ‡§ú‡•ç‡§Ø,,2M,,‡§™‡•ç‡§∞‡•ã‡§´‡§º‡§æ‡§á‡§≤ ‡§¶‡•á‡§ñ‡•á‡§Ç
63,RubyandBonnie @UC_wITz-Ze4JFc3WLQA1n3Hw,6.6M,-,‡§∏‡§Ç‡§Ø‡•Å‡§ï‡•ç‡§§ ‡§Ö‡§ß‡§ø‡§∞‡§æ‡§ú‡•ç‡§Ø,,2M,,‡§™‡•ç‡§∞‡•ã‡§´‡§º‡§æ‡§á‡§≤ ‡§¶‡•á‡§ñ‡•á‡§Ç
64,Nickelodeon UK @UCHiceVclOIFCgAcveITRLLw,6.6M,-,‡§∏‡§Ç‡§Ø‡•Å‡§ï‡•ç‡§§ ‡§Ö‡§ß‡§ø‡§∞‡§æ‡§ú‡•ç‡§Ø,,2M,,‡§™‡•ç‡§∞‡•ã‡§´‡§º‡§æ‡§á‡§≤ ‡§¶‡•á‡§ñ‡•á‡§Ç
65,Mark Ronson @UCSY5V7BJSrxNvvBF0Drslow,6.5M,-,‡§∏‡§Ç‡§Ø‡•Å‡§ï‡•ç‡§§ ‡§Ö‡§ß‡§ø‡§∞‡§æ‡§ú‡•ç‡§Ø,,2M,,‡§™‡•ç‡§∞‡•ã‡§´‡§º‡§æ‡§á‡§≤ ‡§¶‡•á‡§ñ‡•á‡§Ç
66,Rhia Official @UCQdsJ95w9jh-yB0BA6EDGWA,6.4M,-,‡§∏‡§Ç‡§Ø‡•Å‡§ï‡•ç‡§§ ‡§Ö‡§ß‡§ø‡§∞‡§æ‡§ú‡•ç‡§Ø,,1.9M,,‡§™‡•ç‡§∞‡•ã‡§´‡§º‡§æ‡§á‡§≤ ‡§¶‡•á‡§ñ‡•á‡§Ç
67,UKF Dubstep @UCfLFTP1uTuIizynWsZq2nkQ,6.3M,-,‡§∏‡§Ç‡§Ø‡•Å‡§ï‡•ç‡§§ ‡§Ö‡§ß‡§ø‡§∞‡§æ‡§ú‡•ç‡§Ø,,1.9M,,‡§™‡•ç‡§∞‡•ã‡§´‡§º‡§æ‡§á‡§≤ ‡§¶‡•á‡§ñ‡•á‡§Ç
68,TGFbro @UCOgUcv_9DaivXzsN9mcHIzQ,6.2M,0.90%,‡§∏‡§Ç‡§Ø‡•Å‡§ï‡•ç‡§§ ‡§Ö‡§ß‡§ø‡§∞‡§æ‡§ú‡•ç‡§Ø,,1.9M,,‡§™‡•ç‡§∞‡•ã‡§´‡§º‡§æ‡§á‡§≤ ‡§¶‡•á‡§ñ‡•á‡§Ç
69,Wilbur Soot @UC1n_PfsVqxllCcnMPlxBIjw,6.2M,2.60%,‡§∏‡§Ç‡§Ø‡•Å‡§ï‡•ç‡§§ ‡§Ö‡§ß‡§ø‡§∞‡§æ‡§ú‡•ç‡§Ø,,1.9M,,‡§™‡•ç‡§∞‡•ã‡§´‡§º‡§æ‡§á‡§≤ ‡§¶‡•á‡§ñ‡•á‡§Ç
70,Russell Brand @UCswH8ovgUp5Bdg-0_JTYFNw,6.2M,-,‡§∏‡§Ç‡§Ø‡•Å‡§ï‡•ç‡§§ ‡§Ö‡§ß‡§ø‡§∞‡§æ‡§ú‡•ç‡§Ø,,1.9M,,‡§™‡•ç‡§∞‡•ã‡§´‡§º‡§æ‡§á‡§≤ ‡§¶‡•á‡§ñ‡•á‡§Ç
71,Manchester United @UC6yW44UGJJBvYTlfC7CRg2Q,6.2M,0.20%,‡§∏‡§Ç‡§Ø‡•Å‡§ï‡•ç‡§§ ‡§Ö‡§ß‡§ø‡§∞‡§æ‡§ú‡•ç‡§Ø,,1.9M,,‡§™‡•ç‡§∞‡•ã‡§´‡§º‡§æ‡§á‡§≤ ‡§¶‡•á‡§ñ‡•á‡§Ç
72,Pingu - Official Channel @UCM88mtSE0zRTn5ae4EbYcuw,6.2M,-,‡§∏‡§Ç‡§Ø‡•Å‡§ï‡•ç‡§§ ‡§Ö‡§ß‡§ø‡§∞‡§æ‡§ú‡•ç‡§Ø,,1.8M,,‡§™‡•ç‡§∞‡•ã‡§´‡§º‡§æ‡§á‡§≤ ‡§¶‡•á‡§ñ‡•á‡§Ç
73,Mrwhosetheboss Shorts @UCZSlfzadjnw7G419c_OJ9eg,6.1M,-,‡§∏‡§Ç‡§Ø‡•Å‡§ï‡•ç‡§§ ‡§Ö‡§ß‡§ø‡§∞‡§æ‡§ú‡•ç‡§Ø,,1.8M,,‡§™‡•ç‡§∞‡•ã‡§´‡§º‡§æ‡§á‡§≤ ‡§¶‡•á‡§ñ‡•á‡§Ç
74,Niko Omilana @UCdcUmdOxMrhRjKMw-BX19AA,6M,16.20%,‡§∏‡§Ç‡§Ø‡•Å‡§ï‡•ç‡§§ ‡§Ö‡§ß‡§ø‡§∞‡§æ‡§ú‡•ç‡§Ø,,1.8M,,‡§™‡•ç‡§∞‡•ã‡§´‡§º‡§æ‡§á‡§≤ ‡§¶‡•á‡§ñ‡•á‡§Ç
75,Tiana Wilson @UC7_yh9PEDpaqp34QtGO-_Yw,5.9M,-,‡§∏‡§Ç‡§Ø‡•Å‡§ï‡•ç‡§§ ‡§Ö‡§ß‡§ø‡§∞‡§æ‡§ú‡•ç‡§Ø,,1.8M,,‡§™‡•ç‡§∞‡•ã‡§´‡§º‡§æ‡§á‡§≤ ‡§¶‡•á‡§ñ‡•á‡§Ç
76,Capital FM @UCZzwjZPc6R_PbnDgFVMwlvQ,5.8M,-,‡§∏‡§Ç‡§Ø‡•Å‡§ï‡•ç‡§§ ‡§Ö‡§ß‡§ø‡§∞‡§æ‡§ú‡•ç‡§Ø,,1.7M,,‡§™‡•ç‡§∞‡•ã‡§´‡§º‡§æ‡§á‡§≤ ‡§¶‡•á‡§ñ‡•á‡§Ç
77,Simon's Cat @UCH6vXjt-BA7QHl0KnfL-7RQ,5.8M,0.30%,‡§∏‡§Ç‡§Ø‡•Å‡§ï‡•ç‡§§ ‡§Ö‡§ß‡§ø‡§∞‡§æ‡§ú‡•ç‡§Ø,,1.7M,,‡§™‡•ç‡§∞‡•ã‡§´‡§º‡§æ‡§á‡§≤ ‡§¶‡•á‡§ñ‡•á‡§Ç
78,CGP Grey @UC2C_jShtL725hvbm1arSV9w,5.8M,-,‡§∏‡§Ç‡§Ø‡•Å‡§ï‡•ç‡§§ ‡§Ö‡§ß‡§ø‡§∞‡§æ‡§ú‡•ç‡§Ø,,1.7M,,‡§™‡•ç‡§∞‡•ã‡§´‡§º‡§æ‡§á‡§≤ ‡§¶‡•á‡§ñ‡•á‡§Ç
79,Jamie Oliver @UCpSgg_ECBj25s9moCDfSTsA,5.8M,-,‡§∏‡§Ç‡§Ø‡•Å‡§ï‡•ç‡§§ ‡§Ö‡§ß‡§ø‡§∞‡§æ‡§ú‡•ç‡§Ø,,1.7M,,‡§™‡•ç‡§∞‡•ã‡§´‡§º‡§æ‡§á‡§≤ ‡§¶‡•á‡§ñ‡•á‡§Ç
80,ChrisMD @sirhcchris2010,5.6M,2.20%,‡§∏‡§Ç‡§Ø‡•Å‡§ï‡•ç‡§§ ‡§Ö‡§ß‡§ø‡§∞‡§æ‡§ú‡•ç‡§Ø,,1.7M,,‡§™‡•ç‡§∞‡•ã‡§´‡§º‡§æ‡§á‡§≤ ‡§¶‡•á‡§ñ‡•á‡§Ç
81,Dumori Bay @UC-VDfQNL-S44eZscGlXI14g,5.6M,-,‡§∏‡§Ç‡§Ø‡•Å‡§ï‡•ç‡§§ ‡§Ö‡§ß‡§ø‡§∞‡§æ‡§ú‡•ç‡§Ø,,1.7M,,‡§™‡•ç‡§∞‡•ã‡§´‡§º‡§æ‡§á‡§≤ ‡§¶‡•á‡§ñ‡•á‡§Ç
82,Space Videos @UCakgsb0w7QB0VHdnCc-OVEA,5.5M,-,‡§∏‡§Ç‡§Ø‡•Å‡§ï‡•ç‡§§ ‡§Ö‡§ß‡§ø‡§∞‡§æ‡§ú‡•ç‡§Ø,,1.7M,,‡§™‡•ç‡§∞‡•ã‡§´‡§º‡§æ‡§á‡§≤ ‡§¶‡•á‡§ñ‡•á‡§Ç
83,Real Stories @UCu4XcDBdnZkV6-5z2f16M0g,5.5M,-,‡§∏‡§Ç‡§Ø‡•Å‡§ï‡•ç‡§§ ‡§Ö‡§ß‡§ø‡§∞‡§æ‡§ú‡•ç‡§Ø,‡§™‡•ç‡§∞‡§∏‡§ø‡§¶‡•ç‡§ß‡§ø,1.7M,,‡§™‡•ç‡§∞‡•ã‡§´‡§º‡§æ‡§á‡§≤ ‡§¶‡•á‡§ñ‡•á‡§Ç
84,More Emily @UCO66lK14MYiXlu0A6pQ4ouA,5.4M,-,‡§∏‡§Ç‡§Ø‡•Å‡§ï‡•ç‡§§ ‡§Ö‡§ß‡§ø‡§∞‡§æ‡§ú‡•ç‡§Ø,,1.6M,,‡§™‡•ç‡§∞‡•ã‡§´‡§º‡§æ‡§á‡§≤ ‡§¶‡•á‡§ñ‡•á‡§Ç
85,GRM Daily @UCqTwKvjbTENZDGbz2si47ag,5.3M,-,‡§∏‡§Ç‡§Ø‡•Å‡§ï‡•ç‡§§ ‡§Ö‡§ß‡§ø‡§∞‡§æ‡§ú‡•ç‡§Ø,,1.6M,,‡§™‡•ç‡§∞‡•ã‡§´‡§º‡§æ‡§á‡§≤ ‡§¶‡•á‡§ñ‡•á‡§Ç
86,Joe Weller @UCLk9wddjT0F-HILLRFXodtg,5.3M,1.90%,‡§∏‡§Ç‡§Ø‡•Å‡§ï‡•ç‡§§ ‡§Ö‡§ß‡§ø‡§∞‡§æ‡§ú‡•ç‡§Ø,,1.6M,,‡§™‡•ç‡§∞‡•ã‡§´‡§º‡§æ‡§á‡§≤ ‡§¶‡•á‡§ñ‡•á‡§Ç
87,WildBrain Kids @UCbmWOFTbZoDLWqG1rvFnJ0g,5.2M,-,‡§∏‡§Ç‡§Ø‡•Å‡§ï‡•ç‡§§ ‡§Ö‡§ß‡§ø‡§∞‡§æ‡§ú‡•ç‡§Ø,‡§™‡•ç‡§∞‡§∏‡§ø‡§¶‡•ç‡§ß‡§ø,1.6M,,‡§™‡•ç‡§∞‡•ã‡§´‡§º‡§æ‡§á‡§≤ ‡§¶‡•á‡§ñ‡•á‡§Ç
88,Sky News @UCoMdktPbSTixAyNGwb-UYkQ,5.2M,-,‡§∏‡§Ç‡§Ø‡•Å‡§ï‡•ç‡§§ ‡§Ö‡§ß‡§ø‡§∞‡§æ‡§ú‡•ç‡§Ø,,1.5M,,‡§™‡•ç‡§∞‡•ã‡§´‡§º‡§æ‡§á‡§≤ ‡§¶‡•á‡§ñ‡•á‡§Ç
89,Jarvis @UCvxfEIG3PHpgM0TMJJ_SH-w,5M,0.80%,‡§∏‡§Ç‡§Ø‡•Å‡§ï‡•ç‡§§ ‡§Ö‡§ß‡§ø‡§∞‡§æ‡§ú‡•ç‡§Ø,,1.5M,,‡§™‡•ç‡§∞‡•ã‡§´‡§º‡§æ‡§á‡§≤ ‡§¶‡•á‡§ñ‡•á‡§Ç
90,Thoughty2 @UCRlICXvO4XR4HMeEB9JjDlA,5M,-,‡§∏‡§Ç‡§Ø‡•Å‡§ï‡•ç‡§§ ‡§Ö‡§ß‡§ø‡§∞‡§æ‡§ú‡•ç‡§Ø,,1.5M,,‡§™‡•ç‡§∞‡•ã‡§´‡§º‡§æ‡§á‡§≤ ‡§¶‡•á‡§ñ‡•á‡§Ç
91,TheDadLab @thedadlab,5M,-,‡§∏‡§Ç‡§Ø‡•Å‡§ï‡•ç‡§§ ‡§Ö‡§ß‡§ø‡§∞‡§æ‡§ú‡•ç‡§Ø,,1.5M,,‡§™‡•ç‡§∞‡•ã‡§´‡§º‡§æ‡§á‡§≤ ‡§¶‡•á‡§ñ‡•á‡§Ç
92,Behzinga @UCHhfSXoDG6gSgpOvLH4wrRw,4.9M,-,‡§∏‡§Ç‡§Ø‡•Å‡§ï‡•ç‡§§ ‡§Ö‡§ß‡§ø‡§∞‡§æ‡§ú‡•ç‡§Ø,,1.5M,,‡§™‡•ç‡§∞‡•ã‡§´‡§º‡§æ‡§á‡§≤ ‡§¶‡•á‡§ñ‡•á‡§Ç
93,BBC Learning English @UCHaHD477h-FeBbVh9Sh7syA,4.8M,-,‡§∏‡§Ç‡§Ø‡•Å‡§ï‡•ç‡§§ ‡§Ö‡§ß‡§ø‡§∞‡§æ‡§ú‡•ç‡§Ø,,1.4M,,‡§™‡•ç‡§∞‡•ã‡§´‡§º‡§æ‡§á‡§≤ ‡§¶‡•á‡§ñ‡•á‡§Ç
94,Max and Katy @UCvZwcK22QTUaM18KE7mHeNw,4.8M,-,‡§∏‡§Ç‡§Ø‡•Å‡§ï‡•ç‡§§ ‡§Ö‡§ß‡§ø‡§∞‡§æ‡§ú‡•ç‡§Ø,,1.4M,,‡§™‡•ç‡§∞‡•ã‡§´‡§º‡§æ‡§á‡§≤ ‡§¶‡•á‡§ñ‡•á‡§Ç
95,Man City @UCkzCjdRMrW2vXLx8mvPVLdQ,4.8M,-,‡§∏‡§Ç‡§Ø‡•Å‡§ï‡•ç‡§§ ‡§Ö‡§ß‡§ø‡§∞‡§æ‡§ú‡•ç‡§Ø,,1.4M,,‡§™‡•ç‡§∞‡•ã‡§´‡§º‡§æ‡§á‡§≤ ‡§¶‡•á‡§ñ‡•á‡§Ç
96,Wisp @UC0h07r_UgTD0Tc-Dn5XLX3g,4.7M,1.10%,‡§∏‡§Ç‡§Ø‡•Å‡§ï‡•ç‡§§ ‡§Ö‡§ß‡§ø‡§∞‡§æ‡§ú‡•ç‡§Ø,,1.4M,,‡§™‡•ç‡§∞‡•ã‡§´‡§º‡§æ‡§á‡§≤ ‡§¶‡•á‡§ñ‡•á‡§Ç
97,WillNE @UCaFUrR3oSxOl5Y9y6tvLTEg,4.7M,2.40%,‡§∏‡§Ç‡§Ø‡•Å‡§ï‡•ç‡§§ ‡§Ö‡§ß‡§ø‡§∞‡§æ‡§ú‡•ç‡§Ø,,1.4M,,‡§™‡•ç‡§∞‡•ã‡§´‡§º‡§æ‡§á‡§≤ ‡§¶‡•á‡§ñ‡•á‡§Ç
98,Zerkaa @UChntGq8THlUokhc1tT-M2wA,4.7M,2.30%,‡§∏‡§Ç‡§Ø‡•Å‡§ï‡•ç‡§§ ‡§Ö‡§ß‡§ø‡§∞‡§æ‡§ú‡•ç‡§Ø,,1.4M,,‡§™‡•ç‡§∞‡•ã‡§´‡§º‡§æ‡§á‡§≤ ‡§¶‡•á‡§ñ‡•á‡§Ç
99,Ben Phillips @UChoQQRDf-zU1h6_YjKkWvdw,4.6M,-,‡§∏‡§Ç‡§Ø‡•Å‡§ï‡•ç‡§§ ‡§Ö‡§ß‡§ø‡§∞‡§æ‡§ú‡•ç‡§Ø,,1.4M,,‡§™‡•ç‡§∞‡•ã‡§´‡§º‡§æ‡§á‡§≤ ‡§¶‡•á‡§ñ‡•á‡§Ç
100,Roxxsaurus @UCBKFH7bU2ebvO68FtuGjyyw,4.5M,-,‡§∏‡§Ç‡§Ø‡•Å‡§ï‡•ç‡§§ ‡§Ö‡§ß‡§ø‡§∞‡§æ‡§ú‡•ç‡§Ø,,1.4M,,‡§™‡•ç‡§∞‡•ã‡§´‡§º‡§æ‡§á‡§≤ ‡§¶‡•á‡§ñ‡•á‡§Ç